"id";"userId";"productId";"rating";"content";"deleted";"created_at";"updated_at"
"1";1;"20";6;"Tạm được";"0";"2022-12-05 21:25:34.000000";"2022-12-05 21:25:34.000000"
"2";1;"46";3;"Tệ";"0";"2022-12-05 21:25:34.000000";"2022-12-05 21:25:34.000000"
"3";1;"67";10;"Rất tốt";"0";"2022-12-05 21:25:34.000000";"2022-12-05 21:25:34.000000"
"4";1;"44";6;"Tạm được";"0";"2022-12-05 21:25:34.000000";"2022-12-05 21:25:34.000000"
"5";1;"31";5;"Tạm được";"0";"2022-12-05 21:25:34.000000";"2022-12-05 21:25:34.000000"
"6";1;"32";4;"Tệ";"0";"2022-12-05 21:25:34.000000";"2022-12-05 21:25:34.000000"
"7";1;"71";10;"Rất tốt";"0";"2022-12-05 21:25:34.000000";"2022-12-05 21:25:34.000000"
"8";1;"51";3;"Tệ";"0";"2022-12-05 21:25:34.000000";"2022-12-05 21:25:34.000000"
"9";1;"33";4;"Tệ";"0";"2022-12-05 21:25:34.000000";"2022-12-05 21:25:34.000000"
"10";2;"79";5;"Tạm được";"0";"2022-12-05 21:25:34.000000";"2022-12-05 21:25:34.000000"
"11";2;"21";2;"Rất tệ";"0";"2022-12-05 21:25:34.000000";"2022-12-05 21:25:34.000000"
"12";2;"64";6;"Tạm được";"0";"2022-12-05 21:25:34.000000";"2022-12-05 21:25:34.000000"
"13";3;"132";1;"Rất tệ";"0";"2022-12-05 21:25:34.000000";"2022-12-05 21:25:34.000000"
"14";3;"109";3;"Tệ";"0";"2022-12-05 21:25:34.000000";"2022-12-05 21:25:34.000000"
"15";3;"100";3;"Tệ";"0";"2022-12-05 21:25:34.000000";"2022-12-05 21:25:34.000000"
"16";4;"68";6;"Tạm được";"0";"2022-12-05 21:25:34.000000";"2022-12-05 21:25:34.000000"
"17";4;"39";6;"Tạm được";"0";"2022-12-05 21:25:34.000000";"2022-12-05 21:25:34.000000"
"18";4;"121";9;"Rất tốt";"0";"2022-12-05 21:25:34.000000";"2022-12-05 21:25:34.000000"
"19";4;"1";1;"Rất tệ";"0";"2022-12-05 21:25:34.000000";"2022-12-05 21:25:34.000000"
"20";4;"48";7;"Tốt";"0";"2022-12-05 21:25:34.000000";"2022-12-05 21:25:34.000000"
"21";4;"45";9;"Rất tốt";"0";"2022-12-05 21:25:34.000000";"2022-12-05 21:25:34.000000"
"22";4;"42";1;"Rất tệ";"0";"2022-12-05 21:25:34.000000";"2022-12-05 21:25:34.000000"
"23";4;"63";3;"Tệ";"0";"2022-12-05 21:25:34.000000";"2022-12-05 21:25:34.000000"
"24";4;"75";8;"Tốt";"0";"2022-12-05 21:25:34.000000";"2022-12-05 21:25:34.000000"
"25";4;"92";9;"Rất tốt";"0";"2022-12-05 21:25:34.000000";"2022-12-05 21:25:34.000000"
"26";4;"8";6;"Tạm được";"0";"2022-12-05 21:25:34.000000";"2022-12-05 21:25:34.000000"
"27";4;"53";6;"Tạm được";"0";"2022-12-05 21:25:34.000000";"2022-12-05 21:25:34.000000"
"28";5;"49";9;"Rất tốt";"0";"2022-12-05 21:25:34.000000";"2022-12-05 21:25:34.000000"
"29";5;"130";4;"Tệ";"0";"2022-12-05 21:25:34.000000";"2022-12-05 21:25:34.000000"
"30";5;"1";5;"Tạm được";"0";"2022-12-05 21:25:34.000000";"2022-12-05 21:25:34.000000"
"31";5;"8";6;"Tạm được";"0";"2022-12-05 21:25:34.000000";"2022-12-05 21:25:34.000000"
"32";5;"36";9;"Rất tốt";"0";"2022-12-05 21:25:34.000000";"2022-12-05 21:25:34.000000"
"33";5;"21";1;"Rất tệ";"0";"2022-12-05 21:25:34.000000";"2022-12-05 21:25:34.000000"
"34";5;"34";9;"Rất tốt";"0";"2022-12-05 21:25:34.000000";"2022-12-05 21:25:34.000000"
"35";5;"35";9;"Rất tốt";"0";"2022-12-05 21:25:34.000000";"2022-12-05 21:25:34.000000"
"36";5;"95";10;"Rất tốt";"0";"2022-12-05 21:25:34.000000";"2022-12-05 21:25:34.000000"
"37";5;"46";4;"Tệ";"0";"2022-12-05 21:25:34.000000";"2022-12-05 21:25:34.000000"
"38";6;"77";6;"Tạm được";"0";"2022-12-05 21:25:34.000000";"2022-12-05 21:25:34.000000"
"39";6;"110";5;"Tạm được";"0";"2022-12-05 21:25:34.000000";"2022-12-05 21:25:34.000000"
"40";6;"80";2;"Rất tệ";"0";"2022-12-05 21:25:34.000000";"2022-12-05 21:25:34.000000"
"41";6;"86";9;"Rất tốt";"0";"2022-12-05 21:25:34.000000";"2022-12-05 21:25:34.000000"
"42";6;"104";3;"Tệ";"0";"2022-12-05 21:25:34.000000";"2022-12-05 21:25:34.000000"
"43";6;"144";8;"Tốt";"0";"2022-12-05 21:25:34.000000";"2022-12-05 21:25:34.000000"
"44";6;"85";3;"Tệ";"0";"2022-12-05 21:25:34.000000";"2022-12-05 21:25:34.000000"
"45";6;"127";5;"Tạm được";"0";"2022-12-05 21:25:34.000000";"2022-12-05 21:25:34.000000"
"46";6;"79";10;"Rất tốt";"0";"2022-12-05 21:25:34.000000";"2022-12-05 21:25:34.000000"
"47";6;"97";1;"Rất tệ";"0";"2022-12-05 21:25:34.000000";"2022-12-05 21:25:34.000000"
"48";6;"15";7;"Tốt";"0";"2022-12-05 21:25:34.000000";"2022-12-05 21:25:34.000000"
"49";6;"116";10;"Rất tốt";"0";"2022-12-05 21:25:34.000000";"2022-12-05 21:25:34.000000"
"50";7;"137";6;"Tạm được";"0";"2022-12-05 21:25:34.000000";"2022-12-05 21:25:34.000000"
"51";7;"118";4;"Tệ";"0";"2022-12-05 21:25:34.000000";"2022-12-05 21:25:34.000000"
"52";7;"143";2;"Rất tệ";"0";"2022-12-05 21:25:34.000000";"2022-12-05 21:25:34.000000"
"53";7;"138";10;"Rất tốt";"0";"2022-12-05 21:25:34.000000";"2022-12-05 21:25:34.000000"
"54";7;"89";1;"Rất tệ";"0";"2022-12-05 21:25:34.000000";"2022-12-05 21:25:34.000000"
"55";7;"141";9;"Rất tốt";"0";"2022-12-05 21:25:34.000000";"2022-12-05 21:25:34.000000"
"56";7;"51";4;"Tệ";"0";"2022-12-05 21:25:34.000000";"2022-12-05 21:25:34.000000"
"57";7;"67";8;"Tốt";"0";"2022-12-05 21:25:34.000000";"2022-12-05 21:25:34.000000"
"58";7;"140";10;"Rất tốt";"0";"2022-12-05 21:25:34.000000";"2022-12-05 21:25:34.000000"
"59";7;"123";6;"Tạm được";"0";"2022-12-05 21:25:34.000000";"2022-12-05 21:25:34.000000"
"60";7;"39";6;"Tạm được";"0";"2022-12-05 21:25:34.000000";"2022-12-05 21:25:34.000000"
"61";7;"128";2;"Rất tệ";"0";"2022-12-05 21:25:34.000000";"2022-12-05 21:25:34.000000"
"62";7;"8";5;"Tạm được";"0";"2022-12-05 21:25:34.000000";"2022-12-05 21:25:34.000000"
"63";7;"40";2;"Rất tệ";"0";"2022-12-05 21:25:34.000000";"2022-12-05 21:25:34.000000"
"64";8;"53";3;"Tệ";"0";"2022-12-05 21:25:34.000000";"2022-12-05 21:25:34.000000"
"65";8;"20";8;"Tốt";"0";"2022-12-05 21:25:34.000000";"2022-12-05 21:25:34.000000"
"66";8;"69";1;"Rất tệ";"0";"2022-12-05 21:25:34.000000";"2022-12-05 21:25:34.000000"
"67";8;"14";5;"Tạm được";"0";"2022-12-05 21:25:34.000000";"2022-12-05 21:25:34.000000"
"68";9;"86";3;"Tệ";"0";"2022-12-05 21:25:34.000000";"2022-12-05 21:25:34.000000"
"69";9;"43";6;"Tạm được";"0";"2022-12-05 21:25:34.000000";"2022-12-05 21:25:34.000000"
"70";9;"80";5;"Tạm được";"0";"2022-12-05 21:25:34.000000";"2022-12-05 21:25:34.000000"
"71";9;"9";8;"Tốt";"0";"2022-12-05 21:25:34.000000";"2022-12-05 21:25:34.000000"
"72";9;"92";7;"Tốt";"0";"2022-12-05 21:25:34.000000";"2022-12-05 21:25:34.000000"
"73";9;"47";2;"Rất tệ";"0";"2022-12-05 21:25:34.000000";"2022-12-05 21:25:34.000000"
"74";9;"87";2;"Rất tệ";"0";"2022-12-05 21:25:34.000000";"2022-12-05 21:25:34.000000"
"75";9;"10";4;"Tệ";"0";"2022-12-05 21:25:34.000000";"2022-12-05 21:25:34.000000"
"76";9;"71";5;"Tạm được";"0";"2022-12-05 21:25:34.000000";"2022-12-05 21:25:34.000000"
"77";10;"72";9;"Rất tốt";"0";"2022-12-05 21:25:34.000000";"2022-12-05 21:25:34.000000"
"78";10;"70";5;"Tạm được";"0";"2022-12-05 21:25:34.000000";"2022-12-05 21:25:34.000000"
"79";10;"61";5;"Tạm được";"0";"2022-12-05 21:25:34.000000";"2022-12-05 21:25:34.000000"
"80";10;"42";8;"Tốt";"0";"2022-12-05 21:25:34.000000";"2022-12-05 21:25:34.000000"
"81";10;"115";6;"Tạm được";"0";"2022-12-05 21:25:34.000000";"2022-12-05 21:25:34.000000"
"82";10;"110";9;"Rất tốt";"0";"2022-12-05 21:25:34.000000";"2022-12-05 21:25:34.000000"
"83";10;"3";5;"Tạm được";"0";"2022-12-05 21:25:34.000000";"2022-12-05 21:25:34.000000"
"84";11;"87";8;"Tốt";"0";"2022-12-05 21:25:34.000000";"2022-12-05 21:25:34.000000"
"85";11;"66";10;"Rất tốt";"0";"2022-12-05 21:25:34.000000";"2022-12-05 21:25:34.000000"
"86";11;"63";1;"Rất tệ";"0";"2022-12-05 21:25:34.000000";"2022-12-05 21:25:34.000000"
"87";11;"15";10;"Rất tốt";"0";"2022-12-05 21:25:34.000000";"2022-12-05 21:25:34.000000"
"88";11;"23";4;"Tệ";"0";"2022-12-05 21:25:34.000000";"2022-12-05 21:25:34.000000"
"89";11;"34";3;"Tệ";"0";"2022-12-05 21:25:34.000000";"2022-12-05 21:25:34.000000"
"90";11;"27";1;"Rất tệ";"0";"2022-12-05 21:25:34.000000";"2022-12-05 21:25:34.000000"
"91";11;"14";4;"Tệ";"0";"2022-12-05 21:25:34.000000";"2022-12-05 21:25:34.000000"
"92";11;"22";9;"Rất tốt";"0";"2022-12-05 21:25:34.000000";"2022-12-05 21:25:34.000000"
"93";11;"17";1;"Rất tệ";"0";"2022-12-05 21:25:34.000000";"2022-12-05 21:25:34.000000"
"94";12;"65";5;"Tạm được";"0";"2022-12-05 21:25:34.000000";"2022-12-05 21:25:34.000000"
"95";12;"38";6;"Tạm được";"0";"2022-12-05 21:25:34.000000";"2022-12-05 21:25:34.000000"
"96";12;"34";10;"Rất tốt";"0";"2022-12-05 21:25:34.000000";"2022-12-05 21:25:34.000000"
"97";12;"32";6;"Tạm được";"0";"2022-12-05 21:25:34.000000";"2022-12-05 21:25:34.000000"
"98";12;"142";8;"Tốt";"0";"2022-12-05 21:25:34.000000";"2022-12-05 21:25:34.000000"
"99";13;"89";3;"Tệ";"0";"2022-12-05 21:25:34.000000";"2022-12-05 21:25:34.000000"
"100";13;"34";5;"Tạm được";"0";"2022-12-05 21:25:34.000000";"2022-12-05 21:25:34.000000"
"101";13;"16";2;"Rất tệ";"0";"2022-12-05 21:25:34.000000";"2022-12-05 21:25:34.000000"
"102";13;"31";8;"Tốt";"0";"2022-12-05 21:25:34.000000";"2022-12-05 21:25:34.000000"
"103";13;"22";3;"Tệ";"0";"2022-12-05 21:25:34.000000";"2022-12-05 21:25:34.000000"
"104";13;"37";9;"Rất tốt";"0";"2022-12-05 21:25:34.000000";"2022-12-05 21:25:34.000000"
"105";13;"2";7;"Tốt";"0";"2022-12-05 21:25:34.000000";"2022-12-05 21:25:34.000000"
"106";13;"13";9;"Rất tốt";"0";"2022-12-05 21:25:34.000000";"2022-12-05 21:25:34.000000"
"107";13;"14";3;"Tệ";"0";"2022-12-05 21:25:34.000000";"2022-12-05 21:25:34.000000"
"108";13;"15";6;"Tạm được";"0";"2022-12-05 21:25:34.000000";"2022-12-05 21:25:34.000000"
"109";13;"4";1;"Rất tệ";"0";"2022-12-05 21:25:34.000000";"2022-12-05 21:25:34.000000"
"110";13;"33";5;"Tạm được";"0";"2022-12-05 21:25:34.000000";"2022-12-05 21:25:34.000000"
"111";13;"98";4;"Tệ";"0";"2022-12-05 21:25:34.000000";"2022-12-05 21:25:34.000000"
"112";14;"52";3;"Tệ";"0";"2022-12-05 21:25:34.000000";"2022-12-05 21:25:34.000000"
"113";14;"49";4;"Tệ";"0";"2022-12-05 21:25:34.000000";"2022-12-05 21:25:34.000000"
"114";14;"21";5;"Tạm được";"0";"2022-12-05 21:25:34.000000";"2022-12-05 21:25:34.000000"
"115";14;"7";2;"Rất tệ";"0";"2022-12-05 21:25:34.000000";"2022-12-05 21:25:34.000000"
"116";14;"114";5;"Tạm được";"0";"2022-12-05 21:25:34.000000";"2022-12-05 21:25:34.000000"
"117";14;"100";6;"Tạm được";"0";"2022-12-05 21:25:34.000000";"2022-12-05 21:25:34.000000"
"118";15;"26";10;"Rất tốt";"0";"2022-12-05 21:25:34.000000";"2022-12-05 21:25:34.000000"
"119";15;"65";3;"Tệ";"0";"2022-12-05 21:25:34.000000";"2022-12-05 21:25:34.000000"
"120";15;"16";4;"Tệ";"0";"2022-12-05 21:25:34.000000";"2022-12-05 21:25:34.000000"
"121";15;"123";4;"Tệ";"0";"2022-12-05 21:25:34.000000";"2022-12-05 21:25:34.000000"
"122";15;"29";2;"Rất tệ";"0";"2022-12-05 21:25:34.000000";"2022-12-05 21:25:34.000000"
"123";15;"77";7;"Tốt";"0";"2022-12-05 21:25:34.000000";"2022-12-05 21:25:34.000000"
"124";15;"60";6;"Tạm được";"0";"2022-12-05 21:25:34.000000";"2022-12-05 21:25:34.000000"
"125";15;"22";9;"Rất tốt";"0";"2022-12-05 21:25:34.000000";"2022-12-05 21:25:34.000000"
"126";15;"83";1;"Rất tệ";"0";"2022-12-05 21:25:34.000000";"2022-12-05 21:25:34.000000"
"127";15;"80";2;"Rất tệ";"0";"2022-12-05 21:25:34.000000";"2022-12-05 21:25:34.000000"
"128";15;"76";2;"Rất tệ";"0";"2022-12-05 21:25:34.000000";"2022-12-05 21:25:34.000000"
"129";15;"34";10;"Rất tốt";"0";"2022-12-05 21:25:34.000000";"2022-12-05 21:25:34.000000"
"130";16;"101";8;"Tốt";"0";"2022-12-05 21:25:34.000000";"2022-12-05 21:25:34.000000"
"131";16;"51";5;"Tạm được";"0";"2022-12-05 21:25:34.000000";"2022-12-05 21:25:34.000000"
"132";16;"6";9;"Rất tốt";"0";"2022-12-05 21:25:34.000000";"2022-12-05 21:25:34.000000"
"133";16;"7";5;"Tạm được";"0";"2022-12-05 21:25:34.000000";"2022-12-05 21:25:34.000000"
"134";16;"35";4;"Tệ";"0";"2022-12-05 21:25:34.000000";"2022-12-05 21:25:34.000000"
"135";16;"14";4;"Tệ";"0";"2022-12-05 21:25:34.000000";"2022-12-05 21:25:34.000000"
"136";16;"26";10;"Rất tốt";"0";"2022-12-05 21:25:34.000000";"2022-12-05 21:25:34.000000"
"137";16;"13";4;"Tệ";"0";"2022-12-05 21:25:34.000000";"2022-12-05 21:25:34.000000"
"138";16;"57";7;"Tốt";"0";"2022-12-05 21:25:34.000000";"2022-12-05 21:25:34.000000"
"139";17;"107";10;"Rất tốt";"0";"2022-12-05 21:25:34.000000";"2022-12-05 21:25:34.000000"
"140";17;"118";10;"Rất tốt";"0";"2022-12-05 21:25:34.000000";"2022-12-05 21:25:34.000000"
"141";17;"76";9;"Rất tốt";"0";"2022-12-05 21:25:34.000000";"2022-12-05 21:25:34.000000"
"142";17;"102";8;"Tốt";"0";"2022-12-05 21:25:34.000000";"2022-12-05 21:25:34.000000"
"143";17;"78";2;"Rất tệ";"0";"2022-12-05 21:25:34.000000";"2022-12-05 21:25:34.000000"
"144";17;"133";9;"Rất tốt";"0";"2022-12-05 21:25:34.000000";"2022-12-05 21:25:34.000000"
"145";18;"68";4;"Tệ";"0";"2022-12-05 21:25:34.000000";"2022-12-05 21:25:34.000000"
"146";18;"32";7;"Tốt";"0";"2022-12-05 21:25:34.000000";"2022-12-05 21:25:34.000000"
"147";18;"7";4;"Tệ";"0";"2022-12-05 21:25:34.000000";"2022-12-05 21:25:34.000000"
"148";18;"117";2;"Rất tệ";"0";"2022-12-05 21:25:34.000000";"2022-12-05 21:25:34.000000"
"149";18;"1";7;"Tốt";"0";"2022-12-05 21:25:34.000000";"2022-12-05 21:25:34.000000"
"150";18;"83";7;"Tốt";"0";"2022-12-05 21:25:34.000000";"2022-12-05 21:25:34.000000"
"151";18;"81";9;"Rất tốt";"0";"2022-12-05 21:25:34.000000";"2022-12-05 21:25:34.000000"
"152";18;"11";7;"Tốt";"0";"2022-12-05 21:25:34.000000";"2022-12-05 21:25:34.000000"
"153";18;"108";7;"Tốt";"0";"2022-12-05 21:25:34.000000";"2022-12-05 21:25:34.000000"
"154";18;"53";1;"Rất tệ";"0";"2022-12-05 21:25:34.000000";"2022-12-05 21:25:34.000000"
"155";18;"110";1;"Rất tệ";"0";"2022-12-05 21:25:34.000000";"2022-12-05 21:25:34.000000"
"156";18;"75";6;"Tạm được";"0";"2022-12-05 21:25:34.000000";"2022-12-05 21:25:34.000000"
"157";20;"78";1;"Rất tệ";"0";"2022-12-05 21:25:34.000000";"2022-12-05 21:25:34.000000"
"158";20;"18";4;"Tệ";"0";"2022-12-05 21:25:34.000000";"2022-12-05 21:25:34.000000"
"159";21;"47";3;"Tệ";"0";"2022-12-05 21:25:34.000000";"2022-12-05 21:25:34.000000"
"160";21;"111";4;"Tệ";"0";"2022-12-05 21:25:34.000000";"2022-12-05 21:25:34.000000"
"161";21;"123";1;"Rất tệ";"0";"2022-12-05 21:25:34.000000";"2022-12-05 21:25:34.000000"
"162";21;"115";1;"Rất tệ";"0";"2022-12-05 21:25:34.000000";"2022-12-05 21:25:34.000000"
"163";21;"142";9;"Rất tốt";"0";"2022-12-05 21:25:34.000000";"2022-12-05 21:25:34.000000"
"164";22;"125";9;"Rất tốt";"0";"2022-12-05 21:25:34.000000";"2022-12-05 21:25:34.000000"
"165";22;"41";5;"Tạm được";"0";"2022-12-05 21:25:34.000000";"2022-12-05 21:25:34.000000"
"166";22;"31";5;"Tạm được";"0";"2022-12-05 21:25:34.000000";"2022-12-05 21:25:34.000000"
"167";23;"82";7;"Tốt";"0";"2022-12-05 21:25:34.000000";"2022-12-05 21:25:34.000000"
"168";23;"90";10;"Rất tốt";"0";"2022-12-05 21:25:34.000000";"2022-12-05 21:25:34.000000"
"169";23;"140";5;"Tạm được";"0";"2022-12-05 21:25:34.000000";"2022-12-05 21:25:34.000000"
"170";23;"88";3;"Tệ";"0";"2022-12-05 21:25:34.000000";"2022-12-05 21:25:34.000000"
"171";23;"84";2;"Rất tệ";"0";"2022-12-05 21:25:34.000000";"2022-12-05 21:25:34.000000"
"172";23;"86";7;"Tốt";"0";"2022-12-05 21:25:34.000000";"2022-12-05 21:25:34.000000"
"173";23;"139";6;"Tạm được";"0";"2022-12-05 21:25:34.000000";"2022-12-05 21:25:34.000000"
"174";24;"52";4;"Tệ";"0";"2022-12-05 21:25:34.000000";"2022-12-05 21:25:34.000000"
"175";25;"5";6;"Tạm được";"0";"2022-12-05 21:25:34.000000";"2022-12-05 21:25:34.000000"
"176";25;"62";8;"Tốt";"0";"2022-12-05 21:25:34.000000";"2022-12-05 21:25:34.000000"
"177";25;"4";4;"Tệ";"0";"2022-12-05 21:25:34.000000";"2022-12-05 21:25:34.000000"
"178";25;"132";6;"Tạm được";"0";"2022-12-05 21:25:34.000000";"2022-12-05 21:25:34.000000"
"179";25;"116";9;"Rất tốt";"0";"2022-12-05 21:25:34.000000";"2022-12-05 21:25:34.000000"
"180";25;"111";9;"Rất tốt";"0";"2022-12-05 21:25:34.000000";"2022-12-05 21:25:34.000000"
"181";26;"6";7;"Tốt";"0";"2022-12-05 21:25:34.000000";"2022-12-05 21:25:34.000000"
"182";26;"104";3;"Tệ";"0";"2022-12-05 21:25:34.000000";"2022-12-05 21:25:34.000000"
"183";26;"70";4;"Tệ";"0";"2022-12-05 21:25:34.000000";"2022-12-05 21:25:34.000000"
"184";26;"33";8;"Tốt";"0";"2022-12-05 21:25:34.000000";"2022-12-05 21:25:34.000000"
"185";27;"51";7;"Tốt";"0";"2022-12-05 21:25:34.000000";"2022-12-05 21:25:34.000000"
"186";28;"17";9;"Rất tốt";"0";"2022-12-05 21:25:34.000000";"2022-12-05 21:25:34.000000"
"187";28;"5";1;"Rất tệ";"0";"2022-12-05 21:25:34.000000";"2022-12-05 21:25:34.000000"
"188";28;"7";3;"Tệ";"0";"2022-12-05 21:25:34.000000";"2022-12-05 21:25:34.000000"
"189";28;"102";10;"Rất tốt";"0";"2022-12-05 21:25:34.000000";"2022-12-05 21:25:34.000000"
"190";28;"116";1;"Rất tệ";"0";"2022-12-05 21:25:34.000000";"2022-12-05 21:25:34.000000"
"191";28;"75";1;"Rất tệ";"0";"2022-12-05 21:25:34.000000";"2022-12-05 21:25:34.000000"
"192";28;"37";5;"Tạm được";"0";"2022-12-05 21:25:34.000000";"2022-12-05 21:25:34.000000"
"193";29;"23";5;"Tạm được";"0";"2022-12-05 21:25:34.000000";"2022-12-05 21:25:34.000000"
"194";29;"42";3;"Tệ";"0";"2022-12-05 21:25:34.000000";"2022-12-05 21:25:34.000000"
"195";29;"63";7;"Tốt";"0";"2022-12-05 21:25:34.000000";"2022-12-05 21:25:34.000000"
"196";29;"81";2;"Rất tệ";"0";"2022-12-05 21:25:34.000000";"2022-12-05 21:25:34.000000"
"197";30;"14";1;"Rất tệ";"0";"2022-12-05 21:25:34.000000";"2022-12-05 21:25:34.000000"
"198";30;"16";2;"Rất tệ";"0";"2022-12-05 21:25:34.000000";"2022-12-05 21:25:34.000000"
"199";30;"21";6;"Tạm được";"0";"2022-12-05 21:25:34.000000";"2022-12-05 21:25:34.000000"
"200";30;"8";8;"Tốt";"0";"2022-12-05 21:25:34.000000";"2022-12-05 21:25:34.000000"
"201";30;"7";9;"Rất tốt";"0";"2022-12-05 21:25:34.000000";"2022-12-05 21:25:34.000000"
"202";30;"27";10;"Rất tốt";"0";"2022-12-05 21:25:34.000000";"2022-12-05 21:25:34.000000"
"203";30;"84";2;"Rất tệ";"0";"2022-12-05 21:25:34.000000";"2022-12-05 21:25:34.000000"
"204";30;"142";10;"Rất tốt";"0";"2022-12-05 21:25:34.000000";"2022-12-05 21:25:34.000000"
"205";30;"131";10;"Rất tốt";"0";"2022-12-05 21:25:34.000000";"2022-12-05 21:25:34.000000"
"206";30;"116";3;"Tệ";"0";"2022-12-05 21:25:34.000000";"2022-12-05 21:25:34.000000"
"207";30;"132";1;"Rất tệ";"0";"2022-12-05 21:25:34.000000";"2022-12-05 21:25:34.000000"
"208";30;"113";6;"Tạm được";"0";"2022-12-05 21:25:34.000000";"2022-12-05 21:25:34.000000"
"209";32;"88";7;"Tốt";"0";"2022-12-05 21:25:34.000000";"2022-12-05 21:25:34.000000"
"210";32;"2";6;"Tạm được";"0";"2022-12-05 21:25:34.000000";"2022-12-05 21:25:34.000000"
"211";32;"16";7;"Tốt";"0";"2022-12-05 21:25:34.000000";"2022-12-05 21:25:34.000000"
"212";32;"71";10;"Rất tốt";"0";"2022-12-05 21:25:34.000000";"2022-12-05 21:25:34.000000"
"213";32;"35";10;"Rất tốt";"0";"2022-12-05 21:25:34.000000";"2022-12-05 21:25:34.000000"
"214";32;"49";4;"Tệ";"0";"2022-12-05 21:25:34.000000";"2022-12-05 21:25:34.000000"
"215";32;"36";9;"Rất tốt";"0";"2022-12-05 21:25:34.000000";"2022-12-05 21:25:34.000000"
"216";32;"47";4;"Tệ";"0";"2022-12-05 21:25:34.000000";"2022-12-05 21:25:34.000000"
"217";32;"58";8;"Tốt";"0";"2022-12-05 21:25:34.000000";"2022-12-05 21:25:34.000000"
"218";32;"13";5;"Tạm được";"0";"2022-12-05 21:25:34.000000";"2022-12-05 21:25:34.000000"
"219";32;"52";10;"Rất tốt";"0";"2022-12-05 21:25:34.000000";"2022-12-05 21:25:34.000000"
"220";32;"3";10;"Rất tốt";"0";"2022-12-05 21:25:34.000000";"2022-12-05 21:25:34.000000"
"221";32;"80";4;"Tệ";"0";"2022-12-05 21:25:34.000000";"2022-12-05 21:25:34.000000"
"222";32;"55";4;"Tệ";"0";"2022-12-05 21:25:34.000000";"2022-12-05 21:25:34.000000"
"223";33;"56";3;"Tệ";"0";"2022-12-05 21:25:34.000000";"2022-12-05 21:25:34.000000"
"224";34;"96";3;"Tệ";"0";"2022-12-05 21:25:34.000000";"2022-12-05 21:25:34.000000"
"225";34;"39";2;"Rất tệ";"0";"2022-12-05 21:25:34.000000";"2022-12-05 21:25:34.000000"
"226";34;"68";2;"Rất tệ";"0";"2022-12-05 21:25:34.000000";"2022-12-05 21:25:34.000000"
"227";34;"65";7;"Tốt";"0";"2022-12-05 21:25:34.000000";"2022-12-05 21:25:34.000000"
"228";34;"62";6;"Tạm được";"0";"2022-12-05 21:25:34.000000";"2022-12-05 21:25:34.000000"
"229";34;"46";5;"Tạm được";"0";"2022-12-05 21:25:34.000000";"2022-12-05 21:25:34.000000"
"230";34;"48";1;"Rất tệ";"0";"2022-12-05 21:25:34.000000";"2022-12-05 21:25:34.000000"
"231";34;"67";10;"Rất tốt";"0";"2022-12-05 21:25:34.000000";"2022-12-05 21:25:34.000000"
"232";34;"4";6;"Tạm được";"0";"2022-12-05 21:25:34.000000";"2022-12-05 21:25:34.000000"
"233";34;"30";10;"Rất tốt";"0";"2022-12-05 21:25:34.000000";"2022-12-05 21:25:34.000000"
"234";34;"10";7;"Tốt";"0";"2022-12-05 21:25:34.000000";"2022-12-05 21:25:34.000000"
"235";34;"85";8;"Tốt";"0";"2022-12-05 21:25:34.000000";"2022-12-05 21:25:34.000000"
"236";34;"76";1;"Rất tệ";"0";"2022-12-05 21:25:34.000000";"2022-12-05 21:25:34.000000"
"237";35;"69";9;"Rất tốt";"0";"2022-12-05 21:25:34.000000";"2022-12-05 21:25:34.000000"
"238";35;"87";7;"Tốt";"0";"2022-12-05 21:25:34.000000";"2022-12-05 21:25:34.000000"
"239";35;"33";9;"Rất tốt";"0";"2022-12-05 21:25:34.000000";"2022-12-05 21:25:34.000000"
"240";35;"15";5;"Tạm được";"0";"2022-12-05 21:25:34.000000";"2022-12-05 21:25:34.000000"
"241";35;"21";5;"Tạm được";"0";"2022-12-05 21:25:34.000000";"2022-12-05 21:25:34.000000"
"242";35;"12";10;"Rất tốt";"0";"2022-12-05 21:25:34.000000";"2022-12-05 21:25:34.000000"
"243";36;"9";8;"Tốt";"0";"2022-12-05 21:25:34.000000";"2022-12-05 21:25:34.000000"
"244";36;"29";8;"Tốt";"0";"2022-12-05 21:25:34.000000";"2022-12-05 21:25:34.000000"
"245";36;"19";9;"Rất tốt";"0";"2022-12-05 21:25:34.000000";"2022-12-05 21:25:34.000000"
"246";36;"138";4;"Tệ";"0";"2022-12-05 21:25:34.000000";"2022-12-05 21:25:34.000000"
"247";36;"1";1;"Rất tệ";"0";"2022-12-05 21:25:34.000000";"2022-12-05 21:25:34.000000"
"248";36;"125";9;"Rất tốt";"0";"2022-12-05 21:25:34.000000";"2022-12-05 21:25:34.000000"
"249";36;"126";3;"Tệ";"0";"2022-12-05 21:25:34.000000";"2022-12-05 21:25:34.000000"
"250";36;"37";8;"Tốt";"0";"2022-12-05 21:25:34.000000";"2022-12-05 21:25:34.000000"
"251";36;"23";1;"Rất tệ";"0";"2022-12-05 21:25:34.000000";"2022-12-05 21:25:34.000000"
"252";36;"18";7;"Tốt";"0";"2022-12-05 21:25:34.000000";"2022-12-05 21:25:34.000000"
"253";36;"111";6;"Tạm được";"0";"2022-12-05 21:25:34.000000";"2022-12-05 21:25:34.000000"
"254";36;"4";2;"Rất tệ";"0";"2022-12-05 21:25:34.000000";"2022-12-05 21:25:34.000000"
"255";37;"63";3;"Tệ";"0";"2022-12-05 21:25:34.000000";"2022-12-05 21:25:34.000000"
"256";37;"54";2;"Rất tệ";"0";"2022-12-05 21:25:34.000000";"2022-12-05 21:25:34.000000"
"257";37;"74";8;"Tốt";"0";"2022-12-05 21:25:34.000000";"2022-12-05 21:25:34.000000"
"258";37;"4";6;"Tạm được";"0";"2022-12-05 21:25:34.000000";"2022-12-05 21:25:34.000000"
"259";37;"68";8;"Tốt";"0";"2022-12-05 21:25:34.000000";"2022-12-05 21:25:34.000000"
"260";37;"47";9;"Rất tốt";"0";"2022-12-05 21:25:34.000000";"2022-12-05 21:25:34.000000"
"261";37;"16";4;"Tệ";"0";"2022-12-05 21:25:34.000000";"2022-12-05 21:25:34.000000"
"262";37;"19";9;"Rất tốt";"0";"2022-12-05 21:25:34.000000";"2022-12-05 21:25:34.000000"
"263";37;"13";5;"Tạm được";"0";"2022-12-05 21:25:34.000000";"2022-12-05 21:25:34.000000"
"264";37;"18";1;"Rất tệ";"0";"2022-12-05 21:25:34.000000";"2022-12-05 21:25:34.000000"
"265";37;"42";3;"Tệ";"0";"2022-12-05 21:25:34.000000";"2022-12-05 21:25:34.000000"
"266";37;"64";5;"Tạm được";"0";"2022-12-05 21:25:34.000000";"2022-12-05 21:25:34.000000"
"267";37;"26";10;"Rất tốt";"0";"2022-12-05 21:25:34.000000";"2022-12-05 21:25:34.000000"
"268";38;"2";7;"Tốt";"0";"2022-12-05 21:25:34.000000";"2022-12-05 21:25:34.000000"
"269";38;"138";3;"Tệ";"0";"2022-12-05 21:25:34.000000";"2022-12-05 21:25:34.000000"
"270";38;"123";5;"Tạm được";"0";"2022-12-05 21:25:34.000000";"2022-12-05 21:25:34.000000"
"271";38;"111";3;"Tệ";"0";"2022-12-05 21:25:34.000000";"2022-12-05 21:25:34.000000"
"272";38;"114";9;"Rất tốt";"0";"2022-12-05 21:25:34.000000";"2022-12-05 21:25:34.000000"
"273";38;"86";4;"Tệ";"0";"2022-12-05 21:25:34.000000";"2022-12-05 21:25:34.000000"
"274";38;"58";3;"Tệ";"0";"2022-12-05 21:25:34.000000";"2022-12-05 21:25:34.000000"
"275";38;"8";8;"Tốt";"0";"2022-12-05 21:25:34.000000";"2022-12-05 21:25:34.000000"
"276";38;"112";9;"Rất tốt";"0";"2022-12-05 21:25:34.000000";"2022-12-05 21:25:34.000000"
"277";39;"45";10;"Rất tốt";"0";"2022-12-05 21:25:34.000000";"2022-12-05 21:25:34.000000"
"278";39;"23";1;"Rất tệ";"0";"2022-12-05 21:25:34.000000";"2022-12-05 21:25:34.000000"
"279";39;"10";3;"Tệ";"0";"2022-12-05 21:25:34.000000";"2022-12-05 21:25:34.000000"
"280";39;"96";10;"Rất tốt";"0";"2022-12-05 21:25:34.000000";"2022-12-05 21:25:34.000000"
"281";39;"141";5;"Tạm được";"0";"2022-12-05 21:25:34.000000";"2022-12-05 21:25:34.000000"
"282";39;"118";9;"Rất tốt";"0";"2022-12-05 21:25:34.000000";"2022-12-05 21:25:34.000000"
"283";39;"125";8;"Tốt";"0";"2022-12-05 21:25:34.000000";"2022-12-05 21:25:34.000000"
"284";39;"1";2;"Rất tệ";"0";"2022-12-05 21:25:34.000000";"2022-12-05 21:25:34.000000"
"285";39;"37";3;"Tệ";"0";"2022-12-05 21:25:34.000000";"2022-12-05 21:25:34.000000"
"286";40;"111";2;"Rất tệ";"0";"2022-12-05 21:25:34.000000";"2022-12-05 21:25:34.000000"
"287";40;"83";3;"Tệ";"0";"2022-12-05 21:25:34.000000";"2022-12-05 21:25:34.000000"
"288";40;"88";6;"Tạm được";"0";"2022-12-05 21:25:34.000000";"2022-12-05 21:25:34.000000"
"289";40;"95";2;"Rất tệ";"0";"2022-12-05 21:25:34.000000";"2022-12-05 21:25:34.000000"
"290";40;"96";3;"Tệ";"0";"2022-12-05 21:25:34.000000";"2022-12-05 21:25:34.000000"
"291";40;"108";9;"Rất tốt";"0";"2022-12-05 21:25:34.000000";"2022-12-05 21:25:34.000000"
"292";40;"102";3;"Tệ";"0";"2022-12-05 21:25:34.000000";"2022-12-05 21:25:34.000000"
"293";40;"90";3;"Tệ";"0";"2022-12-05 21:25:34.000000";"2022-12-05 21:25:34.000000"
"294";40;"87";2;"Rất tệ";"0";"2022-12-05 21:25:34.000000";"2022-12-05 21:25:34.000000"
"295";40;"101";6;"Tạm được";"0";"2022-12-05 21:25:34.000000";"2022-12-05 21:25:34.000000"
"296";40;"106";3;"Tệ";"0";"2022-12-05 21:25:34.000000";"2022-12-05 21:25:34.000000"
"297";40;"92";1;"Rất tệ";"0";"2022-12-05 21:25:34.000000";"2022-12-05 21:25:34.000000"
"298";40;"97";2;"Rất tệ";"0";"2022-12-05 21:25:34.000000";"2022-12-05 21:25:34.000000"
"299";41;"52";3;"Tệ";"0";"2022-12-05 21:25:34.000000";"2022-12-05 21:25:34.000000"
"300";41;"27";8;"Tốt";"0";"2022-12-05 21:25:34.000000";"2022-12-05 21:25:34.000000"
"301";41;"17";10;"Rất tốt";"0";"2022-12-05 21:25:34.000000";"2022-12-05 21:25:34.000000"
"302";42;"50";10;"Rất tốt";"0";"2022-12-05 21:25:34.000000";"2022-12-05 21:25:34.000000"
"303";42;"10";2;"Rất tệ";"0";"2022-12-05 21:25:34.000000";"2022-12-05 21:25:34.000000"
"304";43;"89";9;"Rất tốt";"0";"2022-12-05 21:25:34.000000";"2022-12-05 21:25:34.000000"
"305";43;"128";3;"Tệ";"0";"2022-12-05 21:25:34.000000";"2022-12-05 21:25:34.000000"
"306";44;"132";6;"Tạm được";"0";"2022-12-05 21:25:34.000000";"2022-12-05 21:25:34.000000"
"307";44;"12";7;"Tốt";"0";"2022-12-05 21:25:34.000000";"2022-12-05 21:25:34.000000"
"308";44;"68";8;"Tốt";"0";"2022-12-05 21:25:34.000000";"2022-12-05 21:25:34.000000"
"309";44;"34";9;"Rất tốt";"0";"2022-12-05 21:25:34.000000";"2022-12-05 21:25:34.000000"
"310";44;"15";3;"Tệ";"0";"2022-12-05 21:25:34.000000";"2022-12-05 21:25:34.000000"
"311";44;"6";9;"Rất tốt";"0";"2022-12-05 21:25:34.000000";"2022-12-05 21:25:34.000000"
"312";44;"55";8;"Tốt";"0";"2022-12-05 21:25:34.000000";"2022-12-05 21:25:34.000000"
"313";44;"17";4;"Tệ";"0";"2022-12-05 21:25:34.000000";"2022-12-05 21:25:34.000000"
"314";44;"33";10;"Rất tốt";"0";"2022-12-05 21:25:34.000000";"2022-12-05 21:25:34.000000"
"315";44;"39";6;"Tạm được";"0";"2022-12-05 21:25:34.000000";"2022-12-05 21:25:34.000000"
"316";44;"5";6;"Tạm được";"0";"2022-12-05 21:25:34.000000";"2022-12-05 21:25:34.000000"
"317";45;"91";7;"Tốt";"0";"2022-12-05 21:25:34.000000";"2022-12-05 21:25:34.000000"
"318";45;"113";1;"Rất tệ";"0";"2022-12-05 21:25:34.000000";"2022-12-05 21:25:34.000000"
"319";45;"121";2;"Rất tệ";"0";"2022-12-05 21:25:34.000000";"2022-12-05 21:25:34.000000"
"320";47;"111";7;"Tốt";"0";"2022-12-05 21:25:34.000000";"2022-12-05 21:25:34.000000"
"321";47;"124";6;"Tạm được";"0";"2022-12-05 21:25:34.000000";"2022-12-05 21:25:34.000000"
"322";47;"138";7;"Tốt";"0";"2022-12-05 21:25:34.000000";"2022-12-05 21:25:34.000000"
"323";47;"133";5;"Tạm được";"0";"2022-12-05 21:25:34.000000";"2022-12-05 21:25:34.000000"
"324";47;"139";5;"Tạm được";"0";"2022-12-05 21:25:34.000000";"2022-12-05 21:25:34.000000"
"325";47;"121";10;"Rất tốt";"0";"2022-12-05 21:25:34.000000";"2022-12-05 21:25:34.000000"
"326";47;"129";10;"Rất tốt";"0";"2022-12-05 21:25:34.000000";"2022-12-05 21:25:34.000000"
"327";47;"134";4;"Tệ";"0";"2022-12-05 21:25:34.000000";"2022-12-05 21:25:34.000000"
"328";48;"18";2;"Rất tệ";"0";"2022-12-05 21:25:34.000000";"2022-12-05 21:25:34.000000"
"329";48;"34";3;"Tệ";"0";"2022-12-05 21:25:34.000000";"2022-12-05 21:25:34.000000"
"330";48;"31";7;"Tốt";"0";"2022-12-05 21:25:34.000000";"2022-12-05 21:25:34.000000"
"331";48;"135";6;"Tạm được";"0";"2022-12-05 21:25:34.000000";"2022-12-05 21:25:34.000000"
"332";48;"23";4;"Tệ";"0";"2022-12-05 21:25:34.000000";"2022-12-05 21:25:34.000000"
"333";48;"91";6;"Tạm được";"0";"2022-12-05 21:25:34.000000";"2022-12-05 21:25:34.000000"
"334";48;"14";9;"Rất tốt";"0";"2022-12-05 21:25:34.000000";"2022-12-05 21:25:34.000000"
"335";48;"80";9;"Rất tốt";"0";"2022-12-05 21:25:34.000000";"2022-12-05 21:25:34.000000"
"336";48;"82";10;"Rất tốt";"0";"2022-12-05 21:25:34.000000";"2022-12-05 21:25:34.000000"
"337";48;"99";6;"Tạm được";"0";"2022-12-05 21:25:34.000000";"2022-12-05 21:25:34.000000"
"338";48;"136";7;"Tốt";"0";"2022-12-05 21:25:34.000000";"2022-12-05 21:25:34.000000"
"339";48;"110";5;"Tạm được";"0";"2022-12-05 21:25:34.000000";"2022-12-05 21:25:34.000000"
"340";48;"126";2;"Rất tệ";"0";"2022-12-05 21:25:34.000000";"2022-12-05 21:25:34.000000"
"341";49;"73";5;"Tạm được";"0";"2022-12-05 21:25:34.000000";"2022-12-05 21:25:34.000000"
"342";49;"65";9;"Rất tốt";"0";"2022-12-05 21:25:34.000000";"2022-12-05 21:25:34.000000"
"343";49;"30";10;"Rất tốt";"0";"2022-12-05 21:25:34.000000";"2022-12-05 21:25:34.000000"
"344";49;"87";4;"Tệ";"0";"2022-12-05 21:25:34.000000";"2022-12-05 21:25:34.000000"
"345";50;"33";5;"Tạm được";"0";"2022-12-05 21:25:34.000000";"2022-12-05 21:25:34.000000"
"346";50;"75";9;"Rất tốt";"0";"2022-12-05 21:25:34.000000";"2022-12-05 21:25:34.000000"
"347";50;"21";8;"Tốt";"0";"2022-12-05 21:25:34.000000";"2022-12-05 21:25:34.000000"
"348";50;"54";2;"Rất tệ";"0";"2022-12-05 21:25:34.000000";"2022-12-05 21:25:34.000000"
"349";50;"4";7;"Tốt";"0";"2022-12-05 21:25:34.000000";"2022-12-05 21:25:34.000000"
"350";51;"56";8;"Tốt";"0";"2022-12-05 21:25:34.000000";"2022-12-05 21:25:34.000000"
"351";51;"77";3;"Tệ";"0";"2022-12-05 21:25:34.000000";"2022-12-05 21:25:34.000000"
"352";51;"112";9;"Rất tốt";"0";"2022-12-05 21:25:34.000000";"2022-12-05 21:25:34.000000"
"353";51;"107";7;"Tốt";"0";"2022-12-05 21:25:34.000000";"2022-12-05 21:25:34.000000"
"354";51;"94";2;"Rất tệ";"0";"2022-12-05 21:25:34.000000";"2022-12-05 21:25:34.000000"
"355";52;"20";7;"Tốt";"0";"2022-12-05 21:25:34.000000";"2022-12-05 21:25:34.000000"
"356";52;"41";5;"Tạm được";"0";"2022-12-05 21:25:34.000000";"2022-12-05 21:25:34.000000"
"357";52;"35";2;"Rất tệ";"0";"2022-12-05 21:25:34.000000";"2022-12-05 21:25:34.000000"
"358";52;"36";4;"Tệ";"0";"2022-12-05 21:25:34.000000";"2022-12-05 21:25:34.000000"
"359";52;"5";4;"Tệ";"0";"2022-12-05 21:25:34.000000";"2022-12-05 21:25:34.000000"
"360";52;"128";4;"Tệ";"0";"2022-12-05 21:25:34.000000";"2022-12-05 21:25:34.000000"
"361";52;"11";5;"Tạm được";"0";"2022-12-05 21:25:34.000000";"2022-12-05 21:25:34.000000"
"362";52;"12";5;"Tạm được";"0";"2022-12-05 21:25:34.000000";"2022-12-05 21:25:34.000000"
"363";52;"111";9;"Rất tốt";"0";"2022-12-05 21:25:34.000000";"2022-12-05 21:25:34.000000"
"364";52;"124";3;"Tệ";"0";"2022-12-05 21:25:34.000000";"2022-12-05 21:25:34.000000"
"365";52;"40";5;"Tạm được";"0";"2022-12-05 21:25:34.000000";"2022-12-05 21:25:34.000000"
"366";52;"54";2;"Rất tệ";"0";"2022-12-05 21:25:34.000000";"2022-12-05 21:25:34.000000"
"367";52;"131";9;"Rất tốt";"0";"2022-12-05 21:25:34.000000";"2022-12-05 21:25:34.000000"
"368";52;"120";3;"Tệ";"0";"2022-12-05 21:25:34.000000";"2022-12-05 21:25:34.000000"
"369";53;"130";10;"Rất tốt";"0";"2022-12-05 21:25:34.000000";"2022-12-05 21:25:34.000000"
"370";53;"77";3;"Tệ";"0";"2022-12-05 21:25:34.000000";"2022-12-05 21:25:34.000000"
"371";53;"100";3;"Tệ";"0";"2022-12-05 21:25:34.000000";"2022-12-05 21:25:34.000000"
"372";53;"76";7;"Tốt";"0";"2022-12-05 21:25:34.000000";"2022-12-05 21:25:34.000000"
"373";53;"84";3;"Tệ";"0";"2022-12-05 21:25:34.000000";"2022-12-05 21:25:34.000000"
"374";53;"78";7;"Tốt";"0";"2022-12-05 21:25:34.000000";"2022-12-05 21:25:34.000000"
"375";53;"94";6;"Tạm được";"0";"2022-12-05 21:25:34.000000";"2022-12-05 21:25:34.000000"
"376";54;"42";2;"Rất tệ";"0";"2022-12-05 21:25:34.000000";"2022-12-05 21:25:34.000000"
"377";54;"95";6;"Tạm được";"0";"2022-12-05 21:25:34.000000";"2022-12-05 21:25:34.000000"
"378";55;"100";10;"Rất tốt";"0";"2022-12-05 21:25:34.000000";"2022-12-05 21:25:34.000000"
"379";55;"77";6;"Tạm được";"0";"2022-12-05 21:25:34.000000";"2022-12-05 21:25:34.000000"
"380";55;"125";6;"Tạm được";"0";"2022-12-05 21:25:34.000000";"2022-12-05 21:25:34.000000"
"381";56;"101";10;"Rất tốt";"0";"2022-12-05 21:25:34.000000";"2022-12-05 21:25:34.000000"
"382";57;"45";10;"Rất tốt";"0";"2022-12-05 21:25:34.000000";"2022-12-05 21:25:34.000000"
"383";57;"101";8;"Tốt";"0";"2022-12-05 21:25:34.000000";"2022-12-05 21:25:34.000000"
"384";57;"36";1;"Rất tệ";"0";"2022-12-05 21:25:34.000000";"2022-12-05 21:25:34.000000"
"385";57;"31";4;"Tệ";"0";"2022-12-05 21:25:34.000000";"2022-12-05 21:25:34.000000"
"386";57;"3";5;"Tạm được";"0";"2022-12-05 21:25:34.000000";"2022-12-05 21:25:34.000000"
"387";57;"126";9;"Rất tốt";"0";"2022-12-05 21:25:34.000000";"2022-12-05 21:25:34.000000"
"388";57;"105";2;"Rất tệ";"0";"2022-12-05 21:25:34.000000";"2022-12-05 21:25:34.000000"
"389";57;"20";5;"Tạm được";"0";"2022-12-05 21:25:34.000000";"2022-12-05 21:25:34.000000"
"390";58;"8";2;"Rất tệ";"0";"2022-12-05 21:25:34.000000";"2022-12-05 21:25:34.000000"
"391";58;"86";10;"Rất tốt";"0";"2022-12-05 21:25:34.000000";"2022-12-05 21:25:34.000000"
"392";58;"64";1;"Rất tệ";"0";"2022-12-05 21:25:34.000000";"2022-12-05 21:25:34.000000"
"393";58;"32";2;"Rất tệ";"0";"2022-12-05 21:25:34.000000";"2022-12-05 21:25:34.000000"
"394";59;"66";6;"Tạm được";"0";"2022-12-05 21:25:34.000000";"2022-12-05 21:25:34.000000"
"395";59;"39";5;"Tạm được";"0";"2022-12-05 21:25:34.000000";"2022-12-05 21:25:34.000000"
"396";59;"11";9;"Rất tốt";"0";"2022-12-05 21:25:34.000000";"2022-12-05 21:25:34.000000"
"397";59;"40";10;"Rất tốt";"0";"2022-12-05 21:25:34.000000";"2022-12-05 21:25:34.000000"
"398";59;"16";9;"Rất tốt";"0";"2022-12-05 21:25:34.000000";"2022-12-05 21:25:34.000000"
"399";59;"8";10;"Rất tốt";"0";"2022-12-05 21:25:34.000000";"2022-12-05 21:25:34.000000"
"400";59;"125";3;"Tệ";"0";"2022-12-05 21:25:34.000000";"2022-12-05 21:25:34.000000"
"401";59;"35";3;"Tệ";"0";"2022-12-05 21:25:34.000000";"2022-12-05 21:25:34.000000"
"402";59;"88";5;"Tạm được";"0";"2022-12-05 21:25:34.000000";"2022-12-05 21:25:34.000000"
"403";60;"115";5;"Tạm được";"0";"2022-12-05 21:25:34.000000";"2022-12-05 21:25:34.000000"
"404";60;"114";6;"Tạm được";"0";"2022-12-05 21:25:34.000000";"2022-12-05 21:25:34.000000"
"405";60;"79";6;"Tạm được";"0";"2022-12-05 21:25:34.000000";"2022-12-05 21:25:34.000000"
"406";61;"30";8;"Tốt";"0";"2022-12-05 21:25:34.000000";"2022-12-05 21:25:34.000000"
"407";61;"122";5;"Tạm được";"0";"2022-12-05 21:25:34.000000";"2022-12-05 21:25:34.000000"
"408";61;"116";10;"Rất tốt";"0";"2022-12-05 21:25:34.000000";"2022-12-05 21:25:34.000000"
"409";61;"123";5;"Tạm được";"0";"2022-12-05 21:25:34.000000";"2022-12-05 21:25:34.000000"
"410";61;"111";9;"Rất tốt";"0";"2022-12-05 21:25:34.000000";"2022-12-05 21:25:34.000000"
"411";61;"125";5;"Tạm được";"0";"2022-12-05 21:25:34.000000";"2022-12-05 21:25:34.000000"
"412";61;"143";10;"Rất tốt";"0";"2022-12-05 21:25:34.000000";"2022-12-05 21:25:34.000000"
"413";61;"134";5;"Tạm được";"0";"2022-12-05 21:25:34.000000";"2022-12-05 21:25:34.000000"
"414";61;"138";10;"Rất tốt";"0";"2022-12-05 21:25:34.000000";"2022-12-05 21:25:34.000000"
"415";61;"135";1;"Rất tệ";"0";"2022-12-05 21:25:34.000000";"2022-12-05 21:25:34.000000"
"416";62;"131";8;"Tốt";"0";"2022-12-05 21:25:34.000000";"2022-12-05 21:25:34.000000"
"417";62;"129";1;"Rất tệ";"0";"2022-12-05 21:25:34.000000";"2022-12-05 21:25:34.000000"
"418";62;"113";7;"Tốt";"0";"2022-12-05 21:25:34.000000";"2022-12-05 21:25:34.000000"
"419";62;"143";4;"Tệ";"0";"2022-12-05 21:25:34.000000";"2022-12-05 21:25:34.000000"
"420";62;"48";6;"Tạm được";"0";"2022-12-05 21:25:34.000000";"2022-12-05 21:25:34.000000"
"421";62;"126";6;"Tạm được";"0";"2022-12-05 21:25:34.000000";"2022-12-05 21:25:34.000000"
"422";62;"125";8;"Tốt";"0";"2022-12-05 21:25:34.000000";"2022-12-05 21:25:34.000000"
"423";63;"52";5;"Tạm được";"0";"2022-12-05 21:25:34.000000";"2022-12-05 21:25:34.000000"
"424";63;"32";6;"Tạm được";"0";"2022-12-05 21:25:34.000000";"2022-12-05 21:25:34.000000"
"425";63;"14";6;"Tạm được";"0";"2022-12-05 21:25:34.000000";"2022-12-05 21:25:34.000000"
"426";63;"22";3;"Tệ";"0";"2022-12-05 21:25:34.000000";"2022-12-05 21:25:34.000000"
"427";63;"30";4;"Tệ";"0";"2022-12-05 21:25:34.000000";"2022-12-05 21:25:34.000000"
"428";63;"55";4;"Tệ";"0";"2022-12-05 21:25:34.000000";"2022-12-05 21:25:34.000000"
"429";63;"54";9;"Rất tốt";"0";"2022-12-05 21:25:34.000000";"2022-12-05 21:25:34.000000"
"430";63;"73";7;"Tốt";"0";"2022-12-05 21:25:34.000000";"2022-12-05 21:25:34.000000"
"431";64;"42";7;"Tốt";"0";"2022-12-05 21:25:34.000000";"2022-12-05 21:25:34.000000"
"432";64;"125";5;"Tạm được";"0";"2022-12-05 21:25:34.000000";"2022-12-05 21:25:34.000000"
"433";64;"8";5;"Tạm được";"0";"2022-12-05 21:25:34.000000";"2022-12-05 21:25:34.000000"
"434";64;"3";2;"Rất tệ";"0";"2022-12-05 21:25:34.000000";"2022-12-05 21:25:34.000000"
"435";64;"37";2;"Rất tệ";"0";"2022-12-05 21:25:34.000000";"2022-12-05 21:25:34.000000"
"436";64;"56";7;"Tốt";"0";"2022-12-05 21:25:34.000000";"2022-12-05 21:25:34.000000"
"437";64;"62";7;"Tốt";"0";"2022-12-05 21:25:34.000000";"2022-12-05 21:25:34.000000"
"438";64;"18";8;"Tốt";"0";"2022-12-05 21:25:34.000000";"2022-12-05 21:25:34.000000"
"439";64;"20";8;"Tốt";"0";"2022-12-05 21:25:34.000000";"2022-12-05 21:25:34.000000"
"440";65;"51";8;"Tốt";"0";"2022-12-05 21:25:34.000000";"2022-12-05 21:25:34.000000"
"441";65;"108";3;"Tệ";"0";"2022-12-05 21:25:34.000000";"2022-12-05 21:25:34.000000"
"442";65;"82";8;"Tốt";"0";"2022-12-05 21:25:34.000000";"2022-12-05 21:25:34.000000"
"443";65;"88";7;"Tốt";"0";"2022-12-05 21:25:34.000000";"2022-12-05 21:25:34.000000"
"444";65;"79";2;"Rất tệ";"0";"2022-12-05 21:25:34.000000";"2022-12-05 21:25:34.000000"
"445";65;"92";4;"Tệ";"0";"2022-12-05 21:25:34.000000";"2022-12-05 21:25:34.000000"
"446";65;"76";7;"Tốt";"0";"2022-12-05 21:25:34.000000";"2022-12-05 21:25:34.000000"
"447";66;"104";3;"Tệ";"0";"2022-12-05 21:25:34.000000";"2022-12-05 21:25:34.000000"
"448";66;"94";1;"Rất tệ";"0";"2022-12-05 21:25:34.000000";"2022-12-05 21:25:34.000000"
"449";66;"100";3;"Tệ";"0";"2022-12-05 21:25:34.000000";"2022-12-05 21:25:34.000000"
"450";66;"141";5;"Tạm được";"0";"2022-12-05 21:25:34.000000";"2022-12-05 21:25:34.000000"
"451";66;"113";10;"Rất tốt";"0";"2022-12-05 21:25:34.000000";"2022-12-05 21:25:34.000000"
"452";66;"139";4;"Tệ";"0";"2022-12-05 21:25:34.000000";"2022-12-05 21:25:34.000000"
"453";66;"135";4;"Tệ";"0";"2022-12-05 21:25:34.000000";"2022-12-05 21:25:34.000000"
"454";66;"137";6;"Tạm được";"0";"2022-12-05 21:25:34.000000";"2022-12-05 21:25:34.000000"
"455";66;"124";9;"Rất tốt";"0";"2022-12-05 21:25:34.000000";"2022-12-05 21:25:34.000000"
"456";66;"136";6;"Tạm được";"0";"2022-12-05 21:25:34.000000";"2022-12-05 21:25:34.000000"
"457";66;"72";3;"Tệ";"0";"2022-12-05 21:25:34.000000";"2022-12-05 21:25:34.000000"
"458";66;"133";10;"Rất tốt";"0";"2022-12-05 21:25:34.000000";"2022-12-05 21:25:34.000000"
"459";66;"129";5;"Tạm được";"0";"2022-12-05 21:25:34.000000";"2022-12-05 21:25:34.000000"
"460";67;"48";9;"Rất tốt";"0";"2022-12-05 21:25:34.000000";"2022-12-05 21:25:34.000000"
"461";67;"127";2;"Rất tệ";"0";"2022-12-05 21:25:34.000000";"2022-12-05 21:25:34.000000"
"462";67;"62";3;"Tệ";"0";"2022-12-05 21:25:34.000000";"2022-12-05 21:25:34.000000"
"463";68;"64";5;"Tạm được";"0";"2022-12-05 21:25:34.000000";"2022-12-05 21:25:34.000000"
"464";68;"42";2;"Rất tệ";"0";"2022-12-05 21:25:34.000000";"2022-12-05 21:25:34.000000"
"465";68;"41";9;"Rất tốt";"0";"2022-12-05 21:25:34.000000";"2022-12-05 21:25:34.000000"
"466";68;"6";5;"Tạm được";"0";"2022-12-05 21:25:34.000000";"2022-12-05 21:25:34.000000"
"467";68;"74";7;"Tốt";"0";"2022-12-05 21:25:34.000000";"2022-12-05 21:25:34.000000"
"468";68;"7";8;"Tốt";"0";"2022-12-05 21:25:34.000000";"2022-12-05 21:25:34.000000"
"469";68;"13";1;"Rất tệ";"0";"2022-12-05 21:25:34.000000";"2022-12-05 21:25:34.000000"
"470";68;"19";6;"Tạm được";"0";"2022-12-05 21:25:34.000000";"2022-12-05 21:25:34.000000"
"471";69;"4";9;"Rất tốt";"0";"2022-12-05 21:25:34.000000";"2022-12-05 21:25:34.000000"
"472";69;"27";7;"Tốt";"0";"2022-12-05 21:25:34.000000";"2022-12-05 21:25:34.000000"
"473";69;"6";6;"Tạm được";"0";"2022-12-05 21:25:34.000000";"2022-12-05 21:25:34.000000"
"474";71;"76";10;"Rất tốt";"0";"2022-12-05 21:25:34.000000";"2022-12-05 21:25:34.000000"
"475";71;"131";6;"Tạm được";"0";"2022-12-05 21:25:34.000000";"2022-12-05 21:25:34.000000"
"476";71;"89";4;"Tệ";"0";"2022-12-05 21:25:34.000000";"2022-12-05 21:25:34.000000"
"477";71;"79";2;"Rất tệ";"0";"2022-12-05 21:25:34.000000";"2022-12-05 21:25:34.000000"
"478";71;"86";3;"Tệ";"0";"2022-12-05 21:25:34.000000";"2022-12-05 21:25:34.000000"
"479";71;"83";3;"Tệ";"0";"2022-12-05 21:25:34.000000";"2022-12-05 21:25:34.000000"
"480";71;"122";10;"Rất tốt";"0";"2022-12-05 21:25:34.000000";"2022-12-05 21:25:34.000000"
"481";71;"92";9;"Rất tốt";"0";"2022-12-05 21:25:34.000000";"2022-12-05 21:25:34.000000"
"482";71;"107";9;"Rất tốt";"0";"2022-12-05 21:25:34.000000";"2022-12-05 21:25:34.000000"
"483";71;"75";5;"Tạm được";"0";"2022-12-05 21:25:34.000000";"2022-12-05 21:25:34.000000"
"484";72;"6";10;"Rất tốt";"0";"2022-12-05 21:25:34.000000";"2022-12-05 21:25:34.000000"
"485";72;"88";10;"Rất tốt";"0";"2022-12-05 21:25:34.000000";"2022-12-05 21:25:34.000000"
"486";72;"46";1;"Rất tệ";"0";"2022-12-05 21:25:34.000000";"2022-12-05 21:25:34.000000"
"487";72;"42";3;"Tệ";"0";"2022-12-05 21:25:34.000000";"2022-12-05 21:25:34.000000"
"488";72;"55";3;"Tệ";"0";"2022-12-05 21:25:34.000000";"2022-12-05 21:25:34.000000"
"489";72;"51";1;"Rất tệ";"0";"2022-12-05 21:25:34.000000";"2022-12-05 21:25:34.000000"
"490";72;"67";5;"Tạm được";"0";"2022-12-05 21:25:34.000000";"2022-12-05 21:25:34.000000"
"491";72;"68";3;"Tệ";"0";"2022-12-05 21:25:34.000000";"2022-12-05 21:25:34.000000"
"492";72;"49";3;"Tệ";"0";"2022-12-05 21:25:34.000000";"2022-12-05 21:25:34.000000"
"493";72;"2";2;"Rất tệ";"0";"2022-12-05 21:25:34.000000";"2022-12-05 21:25:34.000000"
"494";72;"65";10;"Rất tốt";"0";"2022-12-05 21:25:34.000000";"2022-12-05 21:25:34.000000"
"495";72;"26";2;"Rất tệ";"0";"2022-12-05 21:25:34.000000";"2022-12-05 21:25:34.000000"
"496";72;"33";9;"Rất tốt";"0";"2022-12-05 21:25:34.000000";"2022-12-05 21:25:34.000000"
"497";72;"27";1;"Rất tệ";"0";"2022-12-05 21:25:34.000000";"2022-12-05 21:25:34.000000"
"498";73;"47";9;"Rất tốt";"0";"2022-12-05 21:25:34.000000";"2022-12-05 21:25:34.000000"
"499";73;"115";7;"Tốt";"0";"2022-12-05 21:25:34.000000";"2022-12-05 21:25:34.000000"
"500";73;"65";1;"Rất tệ";"0";"2022-12-05 21:25:34.000000";"2022-12-05 21:25:34.000000"
"501";73;"35";6;"Tạm được";"0";"2022-12-05 21:25:34.000000";"2022-12-05 21:25:34.000000"
"502";73;"59";2;"Rất tệ";"0";"2022-12-05 21:25:34.000000";"2022-12-05 21:25:34.000000"
"503";73;"121";7;"Tốt";"0";"2022-12-05 21:25:34.000000";"2022-12-05 21:25:34.000000"
"504";73;"44";10;"Rất tốt";"0";"2022-12-05 21:25:34.000000";"2022-12-05 21:25:34.000000"
"505";73;"82";7;"Tốt";"0";"2022-12-05 21:25:34.000000";"2022-12-05 21:25:34.000000"
"506";73;"42";1;"Rất tệ";"0";"2022-12-05 21:25:34.000000";"2022-12-05 21:25:34.000000"
"507";73;"106";1;"Rất tệ";"0";"2022-12-05 21:25:34.000000";"2022-12-05 21:25:34.000000"
"508";73;"26";8;"Tốt";"0";"2022-12-05 21:25:34.000000";"2022-12-05 21:25:34.000000"
"509";73;"46";1;"Rất tệ";"0";"2022-12-05 21:25:34.000000";"2022-12-05 21:25:34.000000"
"510";74;"86";7;"Tốt";"0";"2022-12-05 21:25:34.000000";"2022-12-05 21:25:34.000000"
"511";74;"29";10;"Rất tốt";"0";"2022-12-05 21:25:34.000000";"2022-12-05 21:25:34.000000"
"512";74;"60";8;"Tốt";"0";"2022-12-05 21:25:34.000000";"2022-12-05 21:25:34.000000"
"513";74;"14";1;"Rất tệ";"0";"2022-12-05 21:25:34.000000";"2022-12-05 21:25:34.000000"
"514";74;"37";6;"Tạm được";"0";"2022-12-05 21:25:34.000000";"2022-12-05 21:25:34.000000"
"515";74;"8";7;"Tốt";"0";"2022-12-05 21:25:34.000000";"2022-12-05 21:25:34.000000"
"516";74;"26";8;"Tốt";"0";"2022-12-05 21:25:34.000000";"2022-12-05 21:25:34.000000"
"517";74;"4";2;"Rất tệ";"0";"2022-12-05 21:25:34.000000";"2022-12-05 21:25:34.000000"
"518";74;"12";8;"Tốt";"0";"2022-12-05 21:25:34.000000";"2022-12-05 21:25:34.000000"
"519";75;"82";2;"Rất tệ";"0";"2022-12-05 21:25:34.000000";"2022-12-05 21:25:34.000000"
"520";75;"8";8;"Tốt";"0";"2022-12-05 21:25:34.000000";"2022-12-05 21:25:34.000000"
"521";75;"39";5;"Tạm được";"0";"2022-12-05 21:25:34.000000";"2022-12-05 21:25:34.000000"
"522";75;"44";5;"Tạm được";"0";"2022-12-05 21:25:34.000000";"2022-12-05 21:25:34.000000"
"523";75;"45";10;"Rất tốt";"0";"2022-12-05 21:25:34.000000";"2022-12-05 21:25:34.000000"
"524";75;"2";5;"Tạm được";"0";"2022-12-05 21:25:34.000000";"2022-12-05 21:25:34.000000"
"525";75;"26";6;"Tạm được";"0";"2022-12-05 21:25:34.000000";"2022-12-05 21:25:34.000000"
"526";75;"42";2;"Rất tệ";"0";"2022-12-05 21:25:34.000000";"2022-12-05 21:25:34.000000"
"527";75;"5";6;"Tạm được";"0";"2022-12-05 21:25:34.000000";"2022-12-05 21:25:34.000000"
"528";75;"31";9;"Rất tốt";"0";"2022-12-05 21:25:34.000000";"2022-12-05 21:25:34.000000"
"529";76;"143";2;"Rất tệ";"0";"2022-12-05 21:25:34.000000";"2022-12-05 21:25:34.000000"
"530";77;"143";9;"Rất tốt";"0";"2022-12-05 21:25:34.000000";"2022-12-05 21:25:34.000000"
"531";77;"117";1;"Rất tệ";"0";"2022-12-05 21:25:34.000000";"2022-12-05 21:25:34.000000"
"532";77;"120";3;"Tệ";"0";"2022-12-05 21:25:34.000000";"2022-12-05 21:25:34.000000"
"533";77;"126";2;"Rất tệ";"0";"2022-12-05 21:25:34.000000";"2022-12-05 21:25:34.000000"
"534";77;"114";8;"Tốt";"0";"2022-12-05 21:25:34.000000";"2022-12-05 21:25:34.000000"
"535";77;"118";5;"Tạm được";"0";"2022-12-05 21:25:34.000000";"2022-12-05 21:25:34.000000"
"536";77;"144";5;"Tạm được";"0";"2022-12-05 21:25:34.000000";"2022-12-05 21:25:34.000000"
"537";77;"116";10;"Rất tốt";"0";"2022-12-05 21:25:34.000000";"2022-12-05 21:25:34.000000"
"538";77;"129";7;"Tốt";"0";"2022-12-05 21:25:34.000000";"2022-12-05 21:25:34.000000"
"539";77;"122";6;"Tạm được";"0";"2022-12-05 21:25:34.000000";"2022-12-05 21:25:34.000000"
"540";77;"93";4;"Tệ";"0";"2022-12-05 21:25:34.000000";"2022-12-05 21:25:34.000000"
"541";77;"141";6;"Tạm được";"0";"2022-12-05 21:25:34.000000";"2022-12-05 21:25:34.000000"
"542";77;"75";6;"Tạm được";"0";"2022-12-05 21:25:34.000000";"2022-12-05 21:25:34.000000"
"543";78;"119";10;"Rất tốt";"0";"2022-12-05 21:25:34.000000";"2022-12-05 21:25:34.000000"
"544";78;"4";9;"Rất tốt";"0";"2022-12-05 21:25:34.000000";"2022-12-05 21:25:34.000000"
"545";78;"49";8;"Tốt";"0";"2022-12-05 21:25:34.000000";"2022-12-05 21:25:34.000000"
"546";78;"68";8;"Tốt";"0";"2022-12-05 21:25:34.000000";"2022-12-05 21:25:34.000000"
"547";78;"1";3;"Tệ";"0";"2022-12-05 21:25:34.000000";"2022-12-05 21:25:34.000000"
"548";79;"68";7;"Tốt";"0";"2022-12-05 21:25:34.000000";"2022-12-05 21:25:34.000000"
"549";79;"99";10;"Rất tốt";"0";"2022-12-05 21:25:34.000000";"2022-12-05 21:25:34.000000"
"550";79;"110";10;"Rất tốt";"0";"2022-12-05 21:25:34.000000";"2022-12-05 21:25:34.000000"
"551";79;"41";5;"Tạm được";"0";"2022-12-05 21:25:34.000000";"2022-12-05 21:25:34.000000"
"552";79;"133";7;"Tốt";"0";"2022-12-05 21:25:34.000000";"2022-12-05 21:25:34.000000"
"553";79;"113";9;"Rất tốt";"0";"2022-12-05 21:25:34.000000";"2022-12-05 21:25:34.000000"
"554";79;"38";2;"Rất tệ";"0";"2022-12-05 21:25:34.000000";"2022-12-05 21:25:34.000000"
"555";79;"106";5;"Tạm được";"0";"2022-12-05 21:25:34.000000";"2022-12-05 21:25:34.000000"
"556";79;"124";5;"Tạm được";"0";"2022-12-05 21:25:34.000000";"2022-12-05 21:25:34.000000"
"557";79;"142";7;"Tốt";"0";"2022-12-05 21:25:34.000000";"2022-12-05 21:25:34.000000"
"558";79;"100";7;"Tốt";"0";"2022-12-05 21:25:34.000000";"2022-12-05 21:25:34.000000"
"559";79;"59";2;"Rất tệ";"0";"2022-12-05 21:25:34.000000";"2022-12-05 21:25:34.000000"
"560";79;"75";2;"Rất tệ";"0";"2022-12-05 21:25:34.000000";"2022-12-05 21:25:34.000000"
"561";79;"76";3;"Tệ";"0";"2022-12-05 21:25:34.000000";"2022-12-05 21:25:34.000000"
"562";81;"87";4;"Tệ";"0";"2022-12-05 21:25:34.000000";"2022-12-05 21:25:34.000000"
"563";81;"101";9;"Rất tốt";"0";"2022-12-05 21:25:34.000000";"2022-12-05 21:25:34.000000"
"564";81;"85";6;"Tạm được";"0";"2022-12-05 21:25:34.000000";"2022-12-05 21:25:34.000000"
"565";81;"90";6;"Tạm được";"0";"2022-12-05 21:25:34.000000";"2022-12-05 21:25:34.000000"
"566";81;"91";7;"Tốt";"0";"2022-12-05 21:25:34.000000";"2022-12-05 21:25:34.000000"
"567";81;"103";3;"Tệ";"0";"2022-12-05 21:25:34.000000";"2022-12-05 21:25:34.000000"
"568";81;"97";7;"Tốt";"0";"2022-12-05 21:25:34.000000";"2022-12-05 21:25:34.000000"
"569";81;"75";4;"Tệ";"0";"2022-12-05 21:25:34.000000";"2022-12-05 21:25:34.000000"
"570";81;"108";2;"Rất tệ";"0";"2022-12-05 21:25:34.000000";"2022-12-05 21:25:34.000000"
"571";81;"76";6;"Tạm được";"0";"2022-12-05 21:25:34.000000";"2022-12-05 21:25:34.000000"
"572";81;"92";8;"Tốt";"0";"2022-12-05 21:25:34.000000";"2022-12-05 21:25:34.000000"
"573";81;"106";6;"Tạm được";"0";"2022-12-05 21:25:34.000000";"2022-12-05 21:25:34.000000"
"574";82;"137";10;"Rất tốt";"0";"2022-12-05 21:25:34.000000";"2022-12-05 21:25:34.000000"
"575";82;"42";7;"Tốt";"0";"2022-12-05 21:25:34.000000";"2022-12-05 21:25:34.000000"
"576";82;"66";8;"Tốt";"0";"2022-12-05 21:25:34.000000";"2022-12-05 21:25:34.000000"
"577";82;"36";1;"Rất tệ";"0";"2022-12-05 21:25:34.000000";"2022-12-05 21:25:34.000000"
"578";82;"68";5;"Tạm được";"0";"2022-12-05 21:25:34.000000";"2022-12-05 21:25:34.000000"
"579";82;"72";8;"Tốt";"0";"2022-12-05 21:25:34.000000";"2022-12-05 21:25:34.000000"
"580";82;"58";2;"Rất tệ";"0";"2022-12-05 21:25:34.000000";"2022-12-05 21:25:34.000000"
"581";82;"9";4;"Tệ";"0";"2022-12-05 21:25:34.000000";"2022-12-05 21:25:34.000000"
"582";82;"63";7;"Tốt";"0";"2022-12-05 21:25:34.000000";"2022-12-05 21:25:34.000000"
"583";83;"1";2;"Rất tệ";"0";"2022-12-05 21:25:34.000000";"2022-12-05 21:25:34.000000"
"584";83;"83";9;"Rất tốt";"0";"2022-12-05 21:25:34.000000";"2022-12-05 21:25:34.000000"
"585";83;"13";9;"Rất tốt";"0";"2022-12-05 21:25:34.000000";"2022-12-05 21:25:34.000000"
"586";83;"29";1;"Rất tệ";"0";"2022-12-05 21:25:34.000000";"2022-12-05 21:25:34.000000"
"587";84;"140";7;"Tốt";"0";"2022-12-05 21:25:34.000000";"2022-12-05 21:25:34.000000"
"588";84;"7";7;"Tốt";"0";"2022-12-05 21:25:34.000000";"2022-12-05 21:25:34.000000"
"589";84;"33";6;"Tạm được";"0";"2022-12-05 21:25:34.000000";"2022-12-05 21:25:34.000000"
"590";84;"70";8;"Tốt";"0";"2022-12-05 21:25:34.000000";"2022-12-05 21:25:34.000000"
"591";84;"66";1;"Rất tệ";"0";"2022-12-05 21:25:34.000000";"2022-12-05 21:25:34.000000"
"592";84;"45";4;"Tệ";"0";"2022-12-05 21:25:34.000000";"2022-12-05 21:25:34.000000"
"593";85;"46";3;"Tệ";"0";"2022-12-05 21:25:34.000000";"2022-12-05 21:25:34.000000"
"594";85;"144";10;"Rất tốt";"0";"2022-12-05 21:25:34.000000";"2022-12-05 21:25:34.000000"
"595";85;"95";8;"Tốt";"0";"2022-12-05 21:25:34.000000";"2022-12-05 21:25:34.000000"
"596";85;"75";8;"Tốt";"0";"2022-12-05 21:25:34.000000";"2022-12-05 21:25:34.000000"
"597";85;"76";5;"Tạm được";"0";"2022-12-05 21:25:34.000000";"2022-12-05 21:25:34.000000"
"598";85;"86";3;"Tệ";"0";"2022-12-05 21:25:34.000000";"2022-12-05 21:25:34.000000"
"599";85;"85";5;"Tạm được";"0";"2022-12-05 21:25:34.000000";"2022-12-05 21:25:34.000000"
"600";85;"96";2;"Rất tệ";"0";"2022-12-05 21:25:34.000000";"2022-12-05 21:25:34.000000"
"1301";86;"62";5;"Tạm được";"0";"2022-12-05 21:25:37.000000";"2022-12-05 21:25:37.000000"
"1302";86;"17";1;"Rất tệ";"0";"2022-12-05 21:25:37.000000";"2022-12-05 21:25:37.000000"
"1303";86;"21";8;"Tốt";"0";"2022-12-05 21:25:37.000000";"2022-12-05 21:25:37.000000"
"1304";87;"64";7;"Tốt";"0";"2022-12-05 21:25:37.000000";"2022-12-05 21:25:37.000000"
"1305";87;"60";5;"Tạm được";"0";"2022-12-05 21:25:37.000000";"2022-12-05 21:25:37.000000"
"1306";87;"16";8;"Tốt";"0";"2022-12-05 21:25:37.000000";"2022-12-05 21:25:37.000000"
"1307";87;"13";8;"Tốt";"0";"2022-12-05 21:25:37.000000";"2022-12-05 21:25:37.000000"
"1308";87;"20";9;"Rất tốt";"0";"2022-12-05 21:25:37.000000";"2022-12-05 21:25:37.000000"
"1309";87;"28";6;"Tạm được";"0";"2022-12-05 21:25:37.000000";"2022-12-05 21:25:37.000000"
"1310";87;"70";4;"Tệ";"0";"2022-12-05 21:25:37.000000";"2022-12-05 21:25:37.000000"
"1311";87;"33";3;"Tệ";"0";"2022-12-05 21:25:37.000000";"2022-12-05 21:25:37.000000"
"1312";88;"90";9;"Rất tốt";"0";"2022-12-05 21:25:37.000000";"2022-12-05 21:25:37.000000"
"1313";88;"8";4;"Tệ";"0";"2022-12-05 21:25:37.000000";"2022-12-05 21:25:37.000000"
"1314";88;"61";6;"Tạm được";"0";"2022-12-05 21:25:37.000000";"2022-12-05 21:25:37.000000"
"1315";88;"44";2;"Rất tệ";"0";"2022-12-05 21:25:37.000000";"2022-12-05 21:25:37.000000"
"1316";88;"37";1;"Rất tệ";"0";"2022-12-05 21:25:37.000000";"2022-12-05 21:25:37.000000"
"1317";88;"42";3;"Tệ";"0";"2022-12-05 21:25:37.000000";"2022-12-05 21:25:37.000000"
"1318";88;"139";7;"Tốt";"0";"2022-12-05 21:25:37.000000";"2022-12-05 21:25:37.000000"
"1319";88;"131";10;"Rất tốt";"0";"2022-12-05 21:25:37.000000";"2022-12-05 21:25:37.000000"
"1320";88;"9";7;"Tốt";"0";"2022-12-05 21:25:37.000000";"2022-12-05 21:25:37.000000"
"1321";89;"40";4;"Tệ";"0";"2022-12-05 21:25:37.000000";"2022-12-05 21:25:37.000000"
"1322";89;"117";9;"Rất tốt";"0";"2022-12-05 21:25:37.000000";"2022-12-05 21:25:37.000000"
"1323";89;"80";8;"Tốt";"0";"2022-12-05 21:25:37.000000";"2022-12-05 21:25:37.000000"
"1324";89;"88";2;"Rất tệ";"0";"2022-12-05 21:25:37.000000";"2022-12-05 21:25:37.000000"
"1325";89;"87";10;"Rất tốt";"0";"2022-12-05 21:25:37.000000";"2022-12-05 21:25:37.000000"
"1326";89;"4";10;"Rất tốt";"0";"2022-12-05 21:25:37.000000";"2022-12-05 21:25:37.000000"
"1327";89;"42";3;"Tệ";"0";"2022-12-05 21:25:37.000000";"2022-12-05 21:25:37.000000"
"1328";89;"74";5;"Tạm được";"0";"2022-12-05 21:25:37.000000";"2022-12-05 21:25:37.000000"
"1329";89;"75";9;"Rất tốt";"0";"2022-12-05 21:25:37.000000";"2022-12-05 21:25:37.000000"
"1330";89;"109";1;"Rất tệ";"0";"2022-12-05 21:25:37.000000";"2022-12-05 21:25:37.000000"
"1331";89;"58";8;"Tốt";"0";"2022-12-05 21:25:37.000000";"2022-12-05 21:25:37.000000"
"1332";90;"29";10;"Rất tốt";"0";"2022-12-05 21:25:37.000000";"2022-12-05 21:25:37.000000"
"1333";90;"143";5;"Tạm được";"0";"2022-12-05 21:25:37.000000";"2022-12-05 21:25:37.000000"
"1334";90;"81";1;"Rất tệ";"0";"2022-12-05 21:25:37.000000";"2022-12-05 21:25:37.000000"
"1335";90;"82";8;"Tốt";"0";"2022-12-05 21:25:37.000000";"2022-12-05 21:25:37.000000"
"1336";90;"100";10;"Rất tốt";"0";"2022-12-05 21:25:37.000000";"2022-12-05 21:25:37.000000"
"1337";90;"131";6;"Tạm được";"0";"2022-12-05 21:25:37.000000";"2022-12-05 21:25:37.000000"
"1338";90;"97";2;"Rất tệ";"0";"2022-12-05 21:25:37.000000";"2022-12-05 21:25:37.000000"
"1339";90;"103";1;"Rất tệ";"0";"2022-12-05 21:25:37.000000";"2022-12-05 21:25:37.000000"
"1340";90;"136";8;"Tốt";"0";"2022-12-05 21:25:37.000000";"2022-12-05 21:25:37.000000"
"1341";90;"138";6;"Tạm được";"0";"2022-12-05 21:25:37.000000";"2022-12-05 21:25:37.000000"
"1342";90;"84";7;"Tốt";"0";"2022-12-05 21:25:37.000000";"2022-12-05 21:25:37.000000"
"1343";90;"110";7;"Tốt";"0";"2022-12-05 21:25:37.000000";"2022-12-05 21:25:37.000000"
"1344";90;"101";10;"Rất tốt";"0";"2022-12-05 21:25:37.000000";"2022-12-05 21:25:37.000000"
"1345";90;"99";3;"Tệ";"0";"2022-12-05 21:25:37.000000";"2022-12-05 21:25:37.000000"
"1346";91;"45";3;"Tệ";"0";"2022-12-05 21:25:37.000000";"2022-12-05 21:25:37.000000"
"1347";91;"97";6;"Tạm được";"0";"2022-12-05 21:25:37.000000";"2022-12-05 21:25:37.000000"
"1348";91;"61";2;"Rất tệ";"0";"2022-12-05 21:25:37.000000";"2022-12-05 21:25:37.000000"
"1349";91;"68";2;"Rất tệ";"0";"2022-12-05 21:25:37.000000";"2022-12-05 21:25:37.000000"
"1350";91;"8";2;"Rất tệ";"0";"2022-12-05 21:25:37.000000";"2022-12-05 21:25:37.000000"
"1351";91;"5";2;"Rất tệ";"0";"2022-12-05 21:25:37.000000";"2022-12-05 21:25:37.000000"
"1352";91;"57";10;"Rất tốt";"0";"2022-12-05 21:25:37.000000";"2022-12-05 21:25:37.000000"
"1353";91;"92";4;"Tệ";"0";"2022-12-05 21:25:37.000000";"2022-12-05 21:25:37.000000"
"1354";91;"52";6;"Tạm được";"0";"2022-12-05 21:25:37.000000";"2022-12-05 21:25:37.000000"
"1355";91;"4";8;"Tốt";"0";"2022-12-05 21:25:37.000000";"2022-12-05 21:25:37.000000"
"1356";91;"38";4;"Tệ";"0";"2022-12-05 21:25:37.000000";"2022-12-05 21:25:37.000000"
"1357";92;"100";7;"Tốt";"0";"2022-12-05 21:25:37.000000";"2022-12-05 21:25:37.000000"
"1358";92;"90";7;"Tốt";"0";"2022-12-05 21:25:37.000000";"2022-12-05 21:25:37.000000"
"1359";92;"102";2;"Rất tệ";"0";"2022-12-05 21:25:37.000000";"2022-12-05 21:25:37.000000"
"1360";92;"105";3;"Tệ";"0";"2022-12-05 21:25:37.000000";"2022-12-05 21:25:37.000000"
"1361";92;"87";10;"Rất tốt";"0";"2022-12-05 21:25:37.000000";"2022-12-05 21:25:37.000000"
"1362";92;"114";7;"Tốt";"0";"2022-12-05 21:25:37.000000";"2022-12-05 21:25:37.000000"
"1363";92;"117";6;"Tạm được";"0";"2022-12-05 21:25:37.000000";"2022-12-05 21:25:37.000000"
"1364";92;"130";10;"Rất tốt";"0";"2022-12-05 21:25:37.000000";"2022-12-05 21:25:37.000000"
"1365";92;"78";9;"Rất tốt";"0";"2022-12-05 21:25:37.000000";"2022-12-05 21:25:37.000000"
"1366";93;"128";7;"Tốt";"0";"2022-12-05 21:25:37.000000";"2022-12-05 21:25:37.000000"
"1367";93;"44";1;"Rất tệ";"0";"2022-12-05 21:25:37.000000";"2022-12-05 21:25:37.000000"
"1368";93;"26";2;"Rất tệ";"0";"2022-12-05 21:25:37.000000";"2022-12-05 21:25:37.000000"
"1369";93;"130";8;"Tốt";"0";"2022-12-05 21:25:37.000000";"2022-12-05 21:25:37.000000"
"1370";93;"111";6;"Tạm được";"0";"2022-12-05 21:25:37.000000";"2022-12-05 21:25:37.000000"
"1371";93;"131";6;"Tạm được";"0";"2022-12-05 21:25:37.000000";"2022-12-05 21:25:37.000000"
"1372";93;"107";1;"Rất tệ";"0";"2022-12-05 21:25:37.000000";"2022-12-05 21:25:37.000000"
"1373";93;"79";5;"Tạm được";"0";"2022-12-05 21:25:37.000000";"2022-12-05 21:25:37.000000"
"1374";93;"54";8;"Tốt";"0";"2022-12-05 21:25:37.000000";"2022-12-05 21:25:37.000000"
"1375";94;"43";5;"Tạm được";"0";"2022-12-05 21:25:37.000000";"2022-12-05 21:25:37.000000"
"1376";94;"142";6;"Tạm được";"0";"2022-12-05 21:25:37.000000";"2022-12-05 21:25:37.000000"
"1377";94;"40";9;"Rất tốt";"0";"2022-12-05 21:25:37.000000";"2022-12-05 21:25:37.000000"
"1378";94;"42";5;"Tạm được";"0";"2022-12-05 21:25:37.000000";"2022-12-05 21:25:37.000000"
"1379";95;"45";1;"Rất tệ";"0";"2022-12-05 21:25:37.000000";"2022-12-05 21:25:37.000000"
"1380";95;"98";3;"Tệ";"0";"2022-12-05 21:25:37.000000";"2022-12-05 21:25:37.000000"
"1381";95;"62";3;"Tệ";"0";"2022-12-05 21:25:37.000000";"2022-12-05 21:25:37.000000"
"1382";95;"40";3;"Tệ";"0";"2022-12-05 21:25:37.000000";"2022-12-05 21:25:37.000000"
"1383";95;"57";4;"Tệ";"0";"2022-12-05 21:25:37.000000";"2022-12-05 21:25:37.000000"
"1384";95;"63";7;"Tốt";"0";"2022-12-05 21:25:37.000000";"2022-12-05 21:25:37.000000"
"1385";95;"51";6;"Tạm được";"0";"2022-12-05 21:25:37.000000";"2022-12-05 21:25:37.000000"
"1386";95;"74";6;"Tạm được";"0";"2022-12-05 21:25:37.000000";"2022-12-05 21:25:37.000000"
"1387";96;"137";2;"Rất tệ";"0";"2022-12-05 21:25:37.000000";"2022-12-05 21:25:37.000000"
"1388";96;"5";5;"Tạm được";"0";"2022-12-05 21:25:37.000000";"2022-12-05 21:25:37.000000"
"1389";96;"16";1;"Rất tệ";"0";"2022-12-05 21:25:37.000000";"2022-12-05 21:25:37.000000"
"1390";96;"19";2;"Rất tệ";"0";"2022-12-05 21:25:37.000000";"2022-12-05 21:25:37.000000"
"1391";96;"40";6;"Tạm được";"0";"2022-12-05 21:25:37.000000";"2022-12-05 21:25:37.000000"
"1392";96;"4";3;"Tệ";"0";"2022-12-05 21:25:37.000000";"2022-12-05 21:25:37.000000"
"1393";96;"65";9;"Rất tốt";"0";"2022-12-05 21:25:37.000000";"2022-12-05 21:25:37.000000"
"1394";96;"104";2;"Rất tệ";"0";"2022-12-05 21:25:37.000000";"2022-12-05 21:25:37.000000"
"1395";96;"106";9;"Rất tốt";"0";"2022-12-05 21:25:37.000000";"2022-12-05 21:25:37.000000"
"1396";97;"10";4;"Tệ";"0";"2022-12-05 21:25:37.000000";"2022-12-05 21:25:37.000000"
"1397";97;"141";3;"Tệ";"0";"2022-12-05 21:25:37.000000";"2022-12-05 21:25:37.000000"
"1398";97;"13";2;"Rất tệ";"0";"2022-12-05 21:25:37.000000";"2022-12-05 21:25:37.000000"
"1399";97;"5";10;"Rất tốt";"0";"2022-12-05 21:25:37.000000";"2022-12-05 21:25:37.000000"
"1400";97;"19";5;"Tạm được";"0";"2022-12-05 21:25:37.000000";"2022-12-05 21:25:37.000000"
"1401";97;"51";8;"Tốt";"0";"2022-12-05 21:25:37.000000";"2022-12-05 21:25:37.000000"
"1402";97;"9";6;"Tạm được";"0";"2022-12-05 21:25:37.000000";"2022-12-05 21:25:37.000000"
"1403";97;"54";10;"Rất tốt";"0";"2022-12-05 21:25:37.000000";"2022-12-05 21:25:37.000000"
"1404";97;"22";2;"Rất tệ";"0";"2022-12-05 21:25:37.000000";"2022-12-05 21:25:37.000000"
"1405";97;"55";3;"Tệ";"0";"2022-12-05 21:25:37.000000";"2022-12-05 21:25:37.000000"
"1406";97;"3";6;"Tạm được";"0";"2022-12-05 21:25:37.000000";"2022-12-05 21:25:37.000000"
"1407";98;"119";4;"Tệ";"0";"2022-12-05 21:25:37.000000";"2022-12-05 21:25:37.000000"
"1408";98;"42";7;"Tốt";"0";"2022-12-05 21:25:37.000000";"2022-12-05 21:25:37.000000"
"1409";98;"15";10;"Rất tốt";"0";"2022-12-05 21:25:37.000000";"2022-12-05 21:25:37.000000"
"1410";98;"66";10;"Rất tốt";"0";"2022-12-05 21:25:37.000000";"2022-12-05 21:25:37.000000"
"1411";98;"16";4;"Tệ";"0";"2022-12-05 21:25:37.000000";"2022-12-05 21:25:37.000000"
"1412";98;"54";5;"Tạm được";"0";"2022-12-05 21:25:37.000000";"2022-12-05 21:25:37.000000"
"1413";98;"17";4;"Tệ";"0";"2022-12-05 21:25:37.000000";"2022-12-05 21:25:37.000000"
"1414";99;"120";7;"Tốt";"0";"2022-12-05 21:25:37.000000";"2022-12-05 21:25:37.000000"
"1415";99;"124";4;"Tệ";"0";"2022-12-05 21:25:37.000000";"2022-12-05 21:25:37.000000"
"1416";99;"77";7;"Tốt";"0";"2022-12-05 21:25:37.000000";"2022-12-05 21:25:37.000000"
"1417";99;"130";8;"Tốt";"0";"2022-12-05 21:25:37.000000";"2022-12-05 21:25:37.000000"
"1418";99;"89";6;"Tạm được";"0";"2022-12-05 21:25:37.000000";"2022-12-05 21:25:37.000000"
"1419";100;"111";8;"Tốt";"0";"2022-12-05 21:25:37.000000";"2022-12-05 21:25:37.000000"
"1420";100;"75";9;"Rất tốt";"0";"2022-12-05 21:25:37.000000";"2022-12-05 21:25:37.000000"
"1421";100;"101";6;"Tạm được";"0";"2022-12-05 21:25:37.000000";"2022-12-05 21:25:37.000000"
"1422";100;"102";6;"Tạm được";"0";"2022-12-05 21:25:37.000000";"2022-12-05 21:25:37.000000"
"1423";100;"108";4;"Tệ";"0";"2022-12-05 21:25:37.000000";"2022-12-05 21:25:37.000000"
"1424";100;"80";8;"Tốt";"0";"2022-12-05 21:25:37.000000";"2022-12-05 21:25:37.000000"
"1425";100;"90";6;"Tạm được";"0";"2022-12-05 21:25:37.000000";"2022-12-05 21:25:37.000000"
"1426";100;"91";9;"Rất tốt";"0";"2022-12-05 21:25:37.000000";"2022-12-05 21:25:37.000000"
"1427";100;"87";7;"Tốt";"0";"2022-12-05 21:25:37.000000";"2022-12-05 21:25:37.000000"
"1428";10;"37";7;"Tốt";"0";"2022-12-05 21:25:37.000000";"2022-12-05 21:25:37.000000"
"1429";10;"91";8;"Tốt";"0";"2022-12-05 21:25:37.000000";"2022-12-05 21:25:37.000000"
"1430";10;"30";5;"Tốt";"0";"2022-12-05 21:25:37.000000";"2022-12-05 21:25:37.000000"
"1431";11;"37";7;"Tốt";"0";"2022-12-05 21:25:37.000000";"2022-12-05 21:25:37.000000"
"1432";11;"91";8;"Tốt";"0";"2022-12-05 21:25:37.000000";"2022-12-05 21:25:37.000000"
"1433";11;"30";5;"Tốt";"0";"2022-12-05 21:25:37.000000";"2022-12-05 21:25:37.000000"
